<?xml version="1.0" encoding="UTF-8"?>
<metadata xml:lang="zh"><Esri><CreaDate>20220829</CreaDate><CreaTime>01195700</CreaTime><ArcGISFormat>1.0</ArcGISFormat><SyncOnce>TRUE</SyncOnce><DataProperties><lineage><Process ToolSource="d:\soft\arcgis\desktop10.6\ArcToolbox\Toolboxes\Data Management Tools.tbx\CalculateField" Date="20220828" Time="232238">CalculateField 2021年县矢量 year 2021 VB #</Process><Process ToolSource="d:\soft\arcgis\desktop10.6\ArcToolbox\Toolboxes\Data Management Tools.tbx\CalculateField" Date="20220828" Time="232343">CalculateField 2021年县矢量 NAME_1 "Shaanxi" VB #</Process><Process ToolSource="d:\soft\arcgis\desktop10.6\ArcToolbox\Toolboxes\Data Management Tools.tbx\CalculateField" Date="20220829" Time="004756">CalculateField 2021年县矢量 year 2021 VB #</Process><Process ToolSource="e:\program files (x86)\arcgis\desktop10.8\ArcToolbox\Toolboxes\Data Management Tools.tbx\CalculateField" Date="20221221" Time="181458">CalculateField 2021年\2021年县矢量 曾用名 "怀仁县" VB #</Process><Process ToolSource="e:\program files (x86)\arcgis\desktop10.8\ArcToolbox\Toolboxes\Data Management Tools.tbx\CalculateField" Date="20221221" Time="181907">CalculateField 2021年\2021年县矢量 曾用名 "余江县" VB #</Process><Process ToolSource="e:\program files (x86)\arcgis\desktop10.8\ArcToolbox\Toolboxes\Data Management Tools.tbx\CalculateField" Date="20221221" Time="182547">CalculateField 2021年\2021年县矢量 曾用名 "马龙县" VB #</Process><Process ToolSource="e:\program files (x86)\arcgis\desktop10.8\ArcToolbox\Toolboxes\Data Management Tools.tbx\CalculateField" Date="20221221" Time="212450">CalculateField 2021年\2021年县矢量 曾用名 "济阳县" VB #</Process><Process ToolSource="e:\program files (x86)\arcgis\desktop10.8\ArcToolbox\Toolboxes\Data Management Tools.tbx\CalculateField" Date="20221221" Time="212824">CalculateField 2021年\2021年县矢量 曾用名 "邹平县" VB #</Process><Process ToolSource="e:\program files (x86)\arcgis\desktop10.8\ArcToolbox\Toolboxes\Data Management Tools.tbx\CalculateField" Date="20221221" Time="213545">CalculateField 2021年\2021年县矢量 曾用名 "株洲县" VB #</Process><Process ToolSource="e:\program files (x86)\arcgis\desktop10.8\ArcToolbox\Toolboxes\Data Management Tools.tbx\CalculateField" Date="20221221" Time="215457">CalculateField 2021年\2021年县矢量 曾用名 "宜宾县" VB #</Process><Process ToolSource="e:\program files (x86)\arcgis\desktop10.8\ArcToolbox\Toolboxes\Data Management Tools.tbx\CalculateField" Date="20221221" Time="220046">CalculateField 2021年\2021年县矢量 曾用名 "彬县" VB #</Process><Process ToolSource="e:\program files (x86)\arcgis\desktop10.8\ArcToolbox\Toolboxes\Data Management Tools.tbx\CalculateField" Date="20221221" Time="220842">CalculateField 2021年\2021年县矢量 曾用名 "海安县" VB #</Process><Process ToolSource="e:\program files (x86)\arcgis\desktop10.8\ArcToolbox\Toolboxes\Data Management Tools.tbx\CalculateField" Date="20221221" Time="221336">CalculateField 2021年\2021年县矢量 曾用名 "漠河县" VB #</Process><Process ToolSource="e:\program files (x86)\arcgis\desktop10.8\ArcToolbox\Toolboxes\Data Management Tools.tbx\CalculateField" Date="20221221" Time="222650">CalculateField 2021年\2021年县矢量 曾用名 "京山县" VB #</Process><Process ToolSource="e:\program files (x86)\arcgis\desktop10.8\ArcToolbox\Toolboxes\Data Management Tools.tbx\CalculateField" Date="20221221" Time="223208">CalculateField 2021年\2021年县矢量 曾用名 "滦县" VB #</Process><Process ToolSource="e:\program files (x86)\arcgis\desktop10.8\ArcToolbox\Toolboxes\Data Management Tools.tbx\CalculateField" Date="20221221" Time="224428">CalculateField 2021年\2021年县矢量 曾用名 "潜山县" VB #</Process><Process ToolSource="e:\program files (x86)\arcgis\desktop10.8\ArcToolbox\Toolboxes\Data Management Tools.tbx\CalculateField" Date="20221221" Time="224835">CalculateField 2021年\2021年县矢量 曾用名 "荔浦县" VB #</Process><Process ToolSource="e:\program files (x86)\arcgis\desktop10.8\ArcToolbox\Toolboxes\Data Management Tools.tbx\CalculateField" Date="20221221" Time="225213">CalculateField 2021年\2021年县矢量 曾用名 "兴仁县" VB #</Process><Process ToolSource="e:\program files (x86)\arcgis\desktop10.8\ArcToolbox\Toolboxes\Data Management Tools.tbx\CalculateField" Date="20221221" Time="225642">CalculateField 2021年\2021年县矢量 曾用名 "水富县" VB #</Process><Process ToolSource="e:\program files (x86)\arcgis\desktop10.8\ArcToolbox\Toolboxes\Data Management Tools.tbx\CalculateField" Date="20221221" Time="230038">CalculateField 2021年\2021年县矢量 曾用名 "华亭县" VB #</Process><Process ToolSource="e:\program files (x86)\arcgis\desktop10.8\ArcToolbox\Toolboxes\Data Management Tools.tbx\CalculateField" Date="20221222" Time="011753">CalculateField 2021年\2021年县矢量 曾用名 "九江县" VB #</Process><Process ToolSource="e:\program files (x86)\arcgis\desktop10.8\ArcToolbox\Toolboxes\Data Management Tools.tbx\CalculateField" Date="20221222" Time="012403">CalculateField 2021年\2021年县矢量 曾用名 "罗江县" VB #</Process><Process ToolSource="e:\program files (x86)\arcgis\desktop10.8\ArcToolbox\Toolboxes\Data Management Tools.tbx\CalculateField" Date="20221222" Time="013545">CalculateField 2021年\2021年县矢量 曾用名 "达孜县" VB #</Process><Process ToolSource="e:\program files (x86)\arcgis\desktop10.8\ArcToolbox\Toolboxes\Data Management Tools.tbx\CalculateField" Date="20221222" Time="014457">CalculateField 2021年\2021年县矢量 曾用名 "那曲县" VB #</Process><Process ToolSource="e:\program files (x86)\arcgis\desktop10.8\ArcToolbox\Toolboxes\Data Management Tools.tbx\CalculateField" Date="20221222" Time="015214">CalculateField 2021年\2021年县矢量 曾用名 "南郑县" VB #</Process><Process ToolSource="e:\program files (x86)\arcgis\desktop10.8\ArcToolbox\Toolboxes\Data Management Tools.tbx\CalculateField" Date="20221222" Time="015724">CalculateField 2021年\2021年县矢量 曾用名 "神木县" VB #</Process><Process ToolSource="e:\program files (x86)\arcgis\desktop10.8\ArcToolbox\Toolboxes\Data Management Tools.tbx\CalculateField" Date="20221222" Time="103435">CalculateField 2021年\2021年县矢量 曾用名 "平泉县" VB #</Process><Process ToolSource="e:\program files (x86)\arcgis\desktop10.8\ArcToolbox\Toolboxes\Data Management Tools.tbx\CalculateField" Date="20221222" Time="104152">CalculateField 2021年\2021年县矢量 曾用名 "玉环县" VB #</Process><Process ToolSource="e:\program files (x86)\arcgis\desktop10.8\ArcToolbox\Toolboxes\Data Management Tools.tbx\CalculateField" Date="20221222" Time="104953">CalculateField 2021年\2021年县矢量 曾用名 "临安市" VB #</Process><Process ToolSource="e:\program files (x86)\arcgis\desktop10.8\ArcToolbox\Toolboxes\Data Management Tools.tbx\CalculateField" Date="20221222" Time="110016">CalculateField 2021年\2021年县矢量 曾用名 "隆昌县" VB #</Process><Process ToolSource="e:\program files (x86)\arcgis\desktop10.8\ArcToolbox\Toolboxes\Data Management Tools.tbx\CalculateField" Date="20221222" Time="110548">CalculateField 2021年\2021年县矢量 曾用名 "宁乡县" VB #</Process><Process ToolSource="e:\program files (x86)\arcgis\desktop10.8\ArcToolbox\Toolboxes\Data Management Tools.tbx\CalculateField" Date="20221222" Time="111606">CalculateField 2021年\2021年县矢量 曾用名 "盘县" VB #</Process><Process ToolSource="e:\program files (x86)\arcgis\desktop10.8\ArcToolbox\Toolboxes\Data Management Tools.tbx\CalculateField" Date="20221222" Time="112247">CalculateField 2021年\2021年县矢量 曾用名 "长乐市" VB #</Process><Process ToolSource="e:\program files (x86)\arcgis\desktop10.8\ArcToolbox\Toolboxes\Data Management Tools.tbx\CalculateField" Date="20221222" Time="115101">CalculateField 2021年\2021年县矢量 曾用名 "即墨市" VB #</Process><Process ToolSource="e:\program files (x86)\arcgis\desktop10.8\ArcToolbox\Toolboxes\Data Management Tools.tbx\CalculateField" Date="20221224" Time="104822">CalculateField 2021年\2021年县矢量 曾用名 "崇礼县" VB #</Process><Process ToolSource="e:\program files (x86)\arcgis\desktop10.8\ArcToolbox\Toolboxes\Data Management Tools.tbx\CalculateField" Date="20221224" Time="104949">CalculateField 2021年\2021年县矢量 曾用名 "万全县" VB #</Process><Process ToolSource="e:\program files (x86)\arcgis\desktop10.8\ArcToolbox\Toolboxes\Data Management Tools.tbx\CalculateField" Date="20221224" Time="112332">CalculateField 2021年\2021年县矢量 曾用名 "肥乡县" VB #</Process><Process ToolSource="e:\program files (x86)\arcgis\desktop10.8\ArcToolbox\Toolboxes\Data Management Tools.tbx\CalculateField" Date="20221224" Time="112452">CalculateField 2021年\2021年县矢量 曾用名 "永年县" VB #</Process><Process ToolSource="e:\program files (x86)\arcgis\desktop10.8\ArcToolbox\Toolboxes\Data Management Tools.tbx\CalculateField" Date="20221224" Time="115511">CalculateField 2021年\2021年县矢量 曾用名 "冀州市" VB #</Process><Process ToolSource="e:\program files (x86)\arcgis\desktop10.8\ArcToolbox\Toolboxes\Data Management Tools.tbx\CalculateField" Date="20221224" Time="130420">CalculateField 2021年\2021年县矢量 曾用名 "大洼县" VB #</Process><Process ToolSource="e:\program files (x86)\arcgis\desktop10.8\ArcToolbox\Toolboxes\Data Management Tools.tbx\CalculateField" Date="20221224" Time="130534">CalculateField 2021年\2021年县矢量 曾用名 "辽中县" VB #</Process><Process ToolSource="e:\program files (x86)\arcgis\desktop10.8\ArcToolbox\Toolboxes\Data Management Tools.tbx\CalculateField" Date="20221224" Time="131633">CalculateField 2021年\2021年县矢量 曾用名 "垦利县" VB #</Process><Process ToolSource="e:\program files (x86)\arcgis\desktop10.8\ArcToolbox\Toolboxes\Data Management Tools.tbx\CalculateField" Date="20221224" Time="131905">CalculateField 2021年\2021年县矢量 曾用名 "定陶县" VB #</Process><Process ToolSource="e:\program files (x86)\arcgis\desktop10.8\ArcToolbox\Toolboxes\Data Management Tools.tbx\CalculateField" Date="20221224" Time="132129">CalculateField 2021年\2021年县矢量 曾用名 "章丘市" VB #</Process><Process ToolSource="e:\program files (x86)\arcgis\desktop10.8\ArcToolbox\Toolboxes\Data Management Tools.tbx\CalculateField" Date="20221224" Time="134521">CalculateField 2021年\2021年县矢量 曾用名 "沾益县" VB #</Process><Process ToolSource="e:\program files (x86)\arcgis\desktop10.8\ArcToolbox\Toolboxes\Data Management Tools.tbx\CalculateField" Date="20221224" Time="134759">CalculateField 2021年\2021年县矢量 曾用名 "晋宁县" VB #</Process><Process ToolSource="e:\program files (x86)\arcgis\desktop10.8\ArcToolbox\Toolboxes\Data Management Tools.tbx\CalculateField" Date="20221224" Time="135019">CalculateField 2021年\2021年县矢量 曾用名 "泸水县" VB #</Process><Process ToolSource="e:\program files (x86)\arcgis\desktop10.8\ArcToolbox\Toolboxes\Data Management Tools.tbx\CalculateField" Date="20221224" Time="141855">CalculateField 2021年\2021年县矢量 曾用名 "柳江县" VB #</Process><Process ToolSource="e:\program files (x86)\arcgis\desktop10.8\ArcToolbox\Toolboxes\Data Management Tools.tbx\CalculateField" Date="20221224" Time="142528">CalculateField 2021年\2021年县矢量 曾用名 "宜州市" VB #</Process><Process ToolSource="e:\program files (x86)\arcgis\desktop10.8\ArcToolbox\Toolboxes\Data Management Tools.tbx\CalculateField" Date="20221224" Time="145149">CalculateField 2021年\2021年县矢量 曾用名 "遵义县" VB #</Process><Process ToolSource="e:\program files (x86)\arcgis\desktop10.8\ArcToolbox\Toolboxes\Data Management Tools.tbx\CalculateField" Date="20221224" Time="151013">CalculateField 2021年\2021年县矢量 曾用名 "安县" VB #</Process><Process ToolSource="e:\program files (x86)\arcgis\desktop10.8\ArcToolbox\Toolboxes\Data Management Tools.tbx\CalculateField" Date="20221224" Time="155101">CalculateField 2021年\2021年县矢量 曾用名 "崇明县" VB #</Process><Process ToolSource="e:\program files (x86)\arcgis\desktop10.8\ArcToolbox\Toolboxes\Data Management Tools.tbx\CalculateField" Date="20221224" Time="155546">CalculateField 2021年\2021年县矢量 曾用名 "郫县" VB #</Process><Process ToolSource="e:\program files (x86)\arcgis\desktop10.8\ArcToolbox\Toolboxes\Data Management Tools.tbx\CalculateField" Date="20221224" Time="160647">CalculateField 2021年\2021年县矢量 曾用名 "蓟县" VB #</Process><Process ToolSource="e:\program files (x86)\arcgis\desktop10.8\ArcToolbox\Toolboxes\Data Management Tools.tbx\CalculateField" Date="20221224" Time="162303">CalculateField 2021年\2021年县矢量 曾用名 "开县" VB #</Process><Process ToolSource="e:\program files (x86)\arcgis\desktop10.8\ArcToolbox\Toolboxes\Data Management Tools.tbx\CalculateField" Date="20221224" Time="162420">CalculateField 2021年\2021年县矢量 曾用名 "梁平县" VB #</Process><Process ToolSource="e:\program files (x86)\arcgis\desktop10.8\ArcToolbox\Toolboxes\Data Management Tools.tbx\CalculateField" Date="20221224" Time="163016">CalculateField 2021年\2021年县矢量 曾用名 "武隆县" VB #</Process><Process ToolSource="e:\program files (x86)\arcgis\desktop10.8\ArcToolbox\Toolboxes\Data Management Tools.tbx\CalculateField" Date="20221224" Time="164957">CalculateField 2021年\2021年县矢量 曾用名 "洪泽县" VB #</Process><Process ToolSource="e:\program files (x86)\arcgis\desktop10.8\ArcToolbox\Toolboxes\Data Management Tools.tbx\CalculateField" Date="20221224" Time="173017">CalculateField 2021年\2021年县矢量 曾用名 "安塞县" VB #</Process><Process ToolSource="e:\program files (x86)\arcgis\desktop10.8\ArcToolbox\Toolboxes\Data Management Tools.tbx\CalculateField" Date="20221224" Time="173151">CalculateField 2021年\2021年县矢量 曾用名 "鄠邑区" VB #</Process><Process ToolSource="e:\program files (x86)\arcgis\desktop10.8\ArcToolbox\Toolboxes\Data Management Tools.tbx\CalculateField" Date="20221224" Time="173637">CalculateField 2021年\2021年县矢量 曾用名 "户县" VB #</Process><Process ToolSource="e:\program files (x86)\arcgis\desktop10.8\ArcToolbox\Toolboxes\Data Management Tools.tbx\CalculateField" Date="20221224" Time="175559">CalculateField 2021年\2021年县矢量 曾用名 "赣县" VB #</Process><Process ToolSource="e:\program files (x86)\arcgis\desktop10.8\ArcToolbox\Toolboxes\Data Management Tools.tbx\CalculateField" Date="20221224" Time="180313">CalculateField 2021年\2021年县矢量 曾用名 "东乡县" VB #</Process><Process ToolSource="e:\program files (x86)\arcgis\desktop10.8\ArcToolbox\Toolboxes\Data Management Tools.tbx\CalculateField" Date="20221224" Time="183739">CalculateField 2021年\2021年县矢量 曾用名 "奉化市" VB #</Process><Process ToolSource="e:\program files (x86)\arcgis\desktop10.8\ArcToolbox\Toolboxes\Data Management Tools.tbx\CalculateField" Date="20221224" Time="185206">CalculateField 2021年\2021年县矢量 曾用名 "许昌县" VB #</Process><Process ToolSource="e:\program files (x86)\arcgis\desktop10.8\ArcToolbox\Toolboxes\Data Management Tools.tbx\CalculateField" Date="20221224" Time="185650">CalculateField 2021年\2021年县矢量 曾用名 "抚远县" VB #</Process><Process ToolSource="e:\program files (x86)\arcgis\desktop10.8\ArcToolbox\Toolboxes\Data Management Tools.tbx\CalculateField" Date="20221224" Time="191953">CalculateField 2021年\2021年县矢量 曾用名 "哈密市" VB #</Process><Process ToolSource="e:\program files (x86)\arcgis\desktop10.8\ArcToolbox\Toolboxes\Data Management Tools.tbx\CalculateField" Date="20221229" Time="101715">CalculateField 2021年\2021年县矢量 曾用名 "靖西县" VB #</Process><Process ToolSource="e:\program files (x86)\arcgis\desktop10.8\ArcToolbox\Toolboxes\Data Management Tools.tbx\CalculateField" Date="20221229" Time="101918">CalculateField 2021年\2021年县矢量 曾用名 "武鸣县" VB #</Process><Process ToolSource="e:\program files (x86)\arcgis\desktop10.8\ArcToolbox\Toolboxes\Data Management Tools.tbx\CalculateField" Date="20221229" Time="104251">CalculateField 2021年\2021年县矢量 曾用名 "新建县" VB #</Process><Process ToolSource="e:\program files (x86)\arcgis\desktop10.8\ArcToolbox\Toolboxes\Data Management Tools.tbx\CalculateField" Date="20221229" Time="104834">CalculateField 2021年\2021年县矢量 曾用名 "广丰县" VB #</Process><Process ToolSource="e:\program files (x86)\arcgis\desktop10.8\ArcToolbox\Toolboxes\Data Management Tools.tbx\CalculateField" Date="20221229" Time="111804">CalculateField 2021年\2021年县矢量 曾用名 "平安县" VB #</Process><Process ToolSource="e:\program files (x86)\arcgis\desktop10.8\ArcToolbox\Toolboxes\Data Management Tools.tbx\CalculateField" Date="20221229" Time="130251">CalculateField 2021年\2021年县矢量 曾用名 "陕县" VB #</Process><Process ToolSource="e:\program files (x86)\arcgis\desktop10.8\ArcToolbox\Toolboxes\Data Management Tools.tbx\CalculateField" Date="20221229" Time="132258">CalculateField 2021年\2021年县矢量 曾用名 "满城县" VB #</Process><Process ToolSource="e:\program files (x86)\arcgis\desktop10.8\ArcToolbox\Toolboxes\Data Management Tools.tbx\CalculateField" Date="20221229" Time="132541">CalculateField 2021年\2021年县矢量 曾用名 "清苑县" VB #</Process><Process ToolSource="e:\program files (x86)\arcgis\desktop10.8\ArcToolbox\Toolboxes\Data Management Tools.tbx\CalculateField" Date="20221229" Time="132944">CalculateField 2021年\2021年县矢量 曾用名 "徐水区" VB #</Process><Process ToolSource="e:\program files (x86)\arcgis\desktop10.8\ArcToolbox\Toolboxes\Data Management Tools.tbx\CalculateField" Date="20221229" Time="133032">CalculateField 2021年\2021年县矢量 曾用名 "徐水县" VB #</Process><Process ToolSource="e:\program files (x86)\arcgis\desktop10.8\ArcToolbox\Toolboxes\Data Management Tools.tbx\CalculateField" Date="20221229" Time="134355">CalculateField 2021年\2021年县矢量 曾用名 "新市区" VB #</Process><Process ToolSource="e:\program files (x86)\arcgis\desktop10.8\ArcToolbox\Toolboxes\Data Management Tools.tbx\CalculateField" Date="20221229" Time="135449">CalculateField 2021年\2021年县矢量 曾用名 "北市区、南市区" VB #</Process><Process ToolSource="e:\program files (x86)\arcgis\desktop10.8\ArcToolbox\Toolboxes\Data Management Tools.tbx\CalculateField" Date="20221229" Time="141410">CalculateField 2021年\2021年县矢量 曾用名 "抚宁县" VB #</Process><Process ToolSource="e:\program files (x86)\arcgis\desktop10.8\ArcToolbox\Toolboxes\Data Management Tools.tbx\CalculateField" Date="20221229" Time="143642">CalculateField 2021年\2021年县矢量 曾用名 "潼南县" VB #</Process><Process ToolSource="e:\program files (x86)\arcgis\desktop10.8\ArcToolbox\Toolboxes\Data Management Tools.tbx\CalculateField" Date="20221229" Time="144057">CalculateField 2021年\2021年县矢量 曾用名 "荣昌县" VB #</Process><Process ToolSource="e:\program files (x86)\arcgis\desktop10.8\ArcToolbox\Toolboxes\Data Management Tools.tbx\CalculateField" Date="20221229" Time="151624">CalculateField 2021年\2021年县矢量 曾用名 "金坛市" VB #</Process><Process ToolSource="e:\program files (x86)\arcgis\desktop10.8\ArcToolbox\Toolboxes\Data Management Tools.tbx\CalculateField" Date="20221229" Time="152424">CalculateField 2021年\2021年县矢量 曾用名 "大丰市" VB #</Process><Process ToolSource="e:\program files (x86)\arcgis\desktop10.8\ArcToolbox\Toolboxes\Data Management Tools.tbx\CalculateField" Date="20221229" Time="161406">CalculateField 2021年\2021年县矢量 曾用名 "高要市" VB #</Process><Process ToolSource="e:\program files (x86)\arcgis\desktop10.8\ArcToolbox\Toolboxes\Data Management Tools.tbx\CalculateField" Date="20221229" Time="162210">CalculateField 2021年\2021年县矢量 曾用名 "静海县" VB #</Process><Process ToolSource="e:\program files (x86)\arcgis\desktop10.8\ArcToolbox\Toolboxes\Data Management Tools.tbx\CalculateField" Date="20221229" Time="162326">CalculateField 2021年\2021年县矢量 曾用名 "宁河县" VB #</Process><Process ToolSource="e:\program files (x86)\arcgis\desktop10.8\ArcToolbox\Toolboxes\Data Management Tools.tbx\CalculateField" Date="20221229" Time="174748">CalculateField 2021年\2021年县矢量 曾用名 "洞头县" VB #</Process><Process ToolSource="e:\program files (x86)\arcgis\desktop10.8\ArcToolbox\Toolboxes\Data Management Tools.tbx\CalculateField" Date="20221229" Time="180252">CalculateField 2021年\2021年县矢量 曾用名 "密云县" VB #</Process><Process ToolSource="e:\program files (x86)\arcgis\desktop10.8\ArcToolbox\Toolboxes\Data Management Tools.tbx\CalculateField" Date="20221229" Time="180409">CalculateField 2021年\2021年县矢量 曾用名 "延庆县" VB #</Process><Process ToolSource="e:\program files (x86)\arcgis\desktop10.8\ArcToolbox\Toolboxes\Data Management Tools.tbx\CalculateField" Date="20221229" Time="182412">CalculateField 2021年\2021年县矢量 曾用名 "堆龙德庆县" VB #</Process><Process ToolSource="e:\program files (x86)\arcgis\desktop10.8\ArcToolbox\Toolboxes\Data Management Tools.tbx\CalculateField" Date="20221229" Time="184515">CalculateField 2021年\2021年县矢量 曾用名 "林芝县" VB #</Process><Process ToolSource="e:\program files (x86)\arcgis\desktop10.8\ArcToolbox\Toolboxes\Data Management Tools.tbx\CalculateField" Date="20221229" Time="185642">CalculateField 2021年\2021年县矢量 曾用名 "华县" VB #</Process><Process ToolSource="e:\program files (x86)\arcgis\desktop10.8\ArcToolbox\Toolboxes\Data Management Tools.tbx\CalculateField" Date="20221229" Time="203403">CalculateField 2021年\2021年县矢量 曾用名 "横山县" VB #</Process><Process ToolSource="e:\program files (x86)\arcgis\desktop10.8\ArcToolbox\Toolboxes\Data Management Tools.tbx\CalculateField" Date="20221229" Time="204013">CalculateField 2021年\2021年县矢量 曾用名 "普兰店市" VB #</Process><Process ToolSource="e:\program files (x86)\arcgis\desktop10.8\ArcToolbox\Toolboxes\Data Management Tools.tbx\CalculateField" Date="20221229" Time="211349">CalculateField 2021年\2021年县矢量 曾用名 "铜陵县" VB #</Process><Process ToolSource="e:\program files (x86)\arcgis\desktop10.8\ArcToolbox\Toolboxes\Data Management Tools.tbx\CalculateField" Date="20221230" Time="152517">CalculateField 2021年\2021年县矢量 曾用名 "铜官山区、狮子山区" VB #</Process><Process ToolSource="e:\program files (x86)\arcgis\desktop10.8\ArcToolbox\Toolboxes\Data Management Tools.tbx\CalculateField" Date="20221230" Time="154631">CalculateField 2021年\2021年县矢量 曾用名 "双流县" VB #</Process><Process ToolSource="e:\program files (x86)\arcgis\desktop10.8\ArcToolbox\Toolboxes\Data Management Tools.tbx\CalculateField" Date="20221230" Time="155834">CalculateField 2021年\2021年县矢量 曾用名 "康定县" VB #</Process><Process ToolSource="e:\program files (x86)\arcgis\desktop10.8\ArcToolbox\Toolboxes\Data Management Tools.tbx\CalculateField" Date="20221230" Time="160140">CalculateField 2021年\2021年县矢量 曾用名 "马尔康县" VB #</Process><Process ToolSource="e:\program files (x86)\arcgis\desktop10.8\ArcToolbox\Toolboxes\Data Management Tools.tbx\CalculateField" Date="20221230" Time="161251">CalculateField 2021年\2021年县矢量 曾用名 "江川县" VB #</Process><Process ToolSource="e:\program files (x86)\arcgis\desktop10.8\ArcToolbox\Toolboxes\Data Management Tools.tbx\CalculateField" Date="20221230" Time="161541">CalculateField 2021年\2021年县矢量 曾用名 "腾冲县" VB #</Process><Process ToolSource="e:\program files (x86)\arcgis\desktop10.8\ArcToolbox\Toolboxes\Data Management Tools.tbx\CalculateField" Date="20221230" Time="162742">CalculateField 2021年\2021年县矢量 曾用名 "东宁县" VB #</Process><Process ToolSource="e:\program files (x86)\arcgis\desktop10.8\ArcToolbox\Toolboxes\Data Management Tools.tbx\CalculateField" Date="20221230" Time="164611">CalculateField 2021年\2021年县矢量 曾用名 "吐鲁番市" VB #</Process></lineage></DataProperties></Esri></metadata>
